"","Month","b_m2"
"1",1,-0.000125710492345388
"2",2,-0.00319608257978359
"3",3,-0.00246417636975261
"4",4,0.00237196762051216
"5",5,0.00112818138993766
"6",6,0.00380486360355706
"7",7,0.000960766462437732
"8",8,0.00184874022440476
"9",9,-0.00122831799464666
"10",10,-0.000704774714360033
"11",11,0.00152654605560753
"12",12,-0.00400514696108089
